#{"t_start": 1706280148.570129, "env_id": "CurvyRaceEnv-v0"}
r,l,t
-19.314704,100,0.180056
46.014264,100,0.34813
13.437798,100,0.521179
75.352528,100,0.691722
88.58674,100,0.863264
67.343609,100,1.058742
75.624049,100,1.222305
79.954681,100,1.391853
21.520132,100,1.562398
74.646991,100,1.730512
