#{"t_start": 1706280085.0672677, "env_id": "CurvyRaceEnv-v0"}
r,l,t
-21.122148,100,0.058846
25.075768,100,0.080784
-46.531431,100,0.106716
-105.391709,100,0.294218
7.066452,100,6.716345
-0.350942,100,10.71634
77.83544,100,13.809773
63.662197,100,17.187683
-66.167256,100,20.254251
-24.98575,100,23.279888
