#{"t_start": 1704873453.4591253, "env_id": "CurvyRaceEnv-v0"}
r,l,t
-284.316763,100,0.848731
200.0,100,1.071921
200.0,100,2.530173
200.0,100,3.640127
200.0,100,4.732564
200.0,100,5.83751
200.0,100,6.940957
200.0,100,8.221556
200.0,100,9.428092
200.0,100,10.744221
200.0,100,12.068858
200.0,100,13.482072
200.0,100,14.777183
200.0,100,16.12534
200.0,100,17.341383
200.0,100,18.504383
200.0,100,19.811503
200.0,100,21.037555
200.0,100,22.262106
200.0,100,23.559722
